index,lang_id
0,8
1,6
2,4
3,8
4,8
5,3
6,1
7,10
8,7
9,1
10,3
11,9
12,1
13,10
14,9
15,1
16,1
17,8
18,11
19,8
20,8
21,4
22,7
23,8
24,6
25,7
26,8
27,11
28,3
29,9
30,7
31,1
32,10
33,3
34,8
35,11
36,3
37,1
38,10
39,2
40,1
41,8
42,1
43,6
44,11
45,1
46,7
47,4
48,6
49,1
50,10
51,1
52,10
53,10
54,7
55,4
56,6
57,1
58,8
59,10
60,8
61,9
62,11
63,7
64,1
65,8
66,10
67,3
68,3
69,7
70,8
71,9
72,1
73,3
74,8
75,1
76,6
77,9
78,1
79,8
80,5
81,6
82,1
83,5
84,8
85,3
86,10
87,9
88,9
89,1
90,8
91,1
92,7
93,10
94,1
95,3
96,11
97,8
98,4
99,6
100,8
101,9
102,3
103,7
104,4
105,4
106,8
107,3
108,10
109,10
110,1
111,7
112,1
113,8
114,7
115,10
116,11
117,6
118,2
119,2
120,10
121,2
122,6
123,9
124,3
125,11
126,8
127,9
128,8
129,8
130,9
131,4
132,7
133,10
134,6
135,8
136,1
137,10
138,8
139,11
140,10
141,8
142,6
143,3
144,6
145,8
146,3
147,10
148,1
149,4
150,3
151,1
152,1
153,1
154,8
155,8
156,1
157,8
158,2
159,10
160,7
161,9
162,3
163,1
164,8
165,10
166,6
167,8
168,2
169,6
170,1
171,3
172,1
173,11
174,9
175,3
176,11
177,1
178,9
179,1
180,1
181,3
182,8
183,8
184,10
185,6
186,7
187,6
188,7
189,6
190,1
191,9
192,10
193,11
194,7
195,1
196,10
197,6
198,1
199,2
200,3
201,11
202,6
203,4
204,6
205,11
206,1
207,4
208,5
209,8
210,7
211,9
212,11
213,6
214,4
215,11
216,8
217,9
218,11
219,2
220,1
221,4
222,11
223,2
224,2
225,8
226,3
227,2
228,1
229,3
230,8
231,4
232,4
233,10
234,1
235,7
236,10
237,9
238,10
239,3
240,11
241,8
242,8
243,6
244,8
245,1
246,1
247,3
248,6
249,8
250,7
251,10
252,10
253,11
254,6
255,7
256,3
257,1
258,8
259,8
260,7
261,8
262,6
263,10
264,6
265,1
266,8
267,8
268,1
269,11
270,3
271,11
272,8
273,3
274,8
275,10
276,4
277,8
278,10
279,8
280,1
281,3
282,7
283,6
284,2
285,1
286,1
287,7
288,1
289,10
290,3
291,3
292,9
293,3
294,8
295,1
296,6
297,1
298,7
299,10
300,7
301,11
302,1
303,8
304,6
305,2
306,3
307,10
308,4
309,1
310,8
311,7
312,9
313,1
314,8
315,3
316,11
317,1
318,4
319,8
320,1
321,1
322,10
323,3
324,1
325,8
326,1
327,1
328,4
329,11
330,6
331,1
332,8
333,8
334,10
335,11
336,11
337,4
338,9
339,10
340,3
341,8
342,1
343,4
344,9
345,6
346,9
347,9
348,1
349,11
350,1
351,11
352,3
353,3
354,10
355,8
356,4
357,3
358,1
359,7
360,11
361,9
362,8
363,9
364,9
365,1
366,7
367,1
368,2
369,11
370,6
371,11
372,4
373,1
374,8
375,1
376,3
377,7
378,3
379,3
380,9
381,5
382,1
383,1
384,11
385,1
386,1
387,10
388,7
389,10
390,8
391,11
392,8
393,3
394,6
395,3
396,1
397,10
398,11
399,8
400,10
401,8
402,3
403,3
404,2
405,3
406,2
407,6
408,6
409,7
410,1
411,8
412,3
413,1
414,1
415,3
416,1
417,9
418,9
419,9
420,8
421,4
422,8
423,1
424,4
425,11
426,10
427,6
428,7
429,7
430,3
431,8
432,1
433,5
434,11
435,4
436,8
437,9
438,1
439,4
440,3
441,1
442,10
443,1
444,8
445,7
446,9
447,7
448,8
449,6
450,8
451,6
452,4
453,2
454,1
455,4
456,1
457,8
458,10
459,8
460,8
461,8
462,1
463,10
464,4
465,1
466,8
467,1
468,7
469,7
470,8
471,1
472,11
473,11
474,3
475,1
476,1
477,8
478,10
479,9
480,7
481,9
482,11
483,6
484,8
485,8
486,2
487,4
488,3
489,3
490,3
491,3
492,8
493,4
494,3
495,4
496,4
497,8
498,7
499,4
500,6
501,1
502,6
503,8
504,3
505,8
506,8
507,10
508,11
509,8
510,11
511,6
512,2
513,1
514,8
515,8
516,2
517,1
518,9
519,4
520,8
521,1
522,4
523,1
524,11
525,4
526,6
527,1
528,10
529,1
530,3
531,8
532,5
533,8
534,8
535,9
536,1
537,8
538,4
539,1
540,1
541,7
542,9
543,8
544,8
545,9
546,1
547,2
548,3
549,1
550,5
551,2
552,7
553,1
554,4
555,8
556,1
557,8
558,8
559,6
560,8
561,1
562,11
563,7
564,8
565,1
566,1
567,8
568,8
569,11
570,8
571,1
572,10
573,8
574,5
575,8
576,6
577,6
578,11
579,8
580,1
581,10
582,1
583,4
584,11
585,4
586,2
587,2
588,11
589,8
590,1
591,10
592,4
593,11
594,3
595,4
596,8
597,4
598,4
599,11
600,6
601,11
602,3
603,3
604,9
605,1
606,1
607,11
608,8
609,8
610,1
611,10
612,8
613,1
614,11
615,9
616,3
617,8
618,1
619,9
620,9
621,6
622,1
623,1
624,3
625,7
626,1
627,8
628,4
629,7
630,8
631,1
632,8
633,10
634,11
635,1
636,6
637,8
638,10
639,8
640,4
641,9
642,5
643,9
644,8
645,11
646,1
647,8
648,9
649,10
650,8
651,8
652,8
653,3
654,4
655,11
656,10
657,10
658,10
659,7
660,1
661,11
662,5
663,9
664,4
665,6
666,10
667,1
668,10
669,6
670,3
671,11
672,9
673,5
674,1
675,6
676,11
677,11
678,8
679,3
680,8
681,1
682,1
683,8
684,10
685,1
686,6
687,8
688,3
689,8
690,2
691,8
692,1
693,11
694,8
695,7
696,9
697,3
698,5
699,6
700,10
701,9
702,5
703,1
704,10
705,1
706,1
707,3
708,8
709,3
710,10
711,8
712,8
713,9
714,4
715,10
716,9
717,9
718,8
719,2
720,4
721,8
722,1
723,10
724,6
725,8
726,3
727,6
728,10
729,8
730,1
731,10
732,10
733,8
734,2
735,11
736,8
737,2
738,11
739,8
740,8
741,10
742,8
743,5
744,2
745,1
746,8
747,9
748,8
749,7
750,8
751,11
752,1
753,8
754,2
755,3
756,6
757,9
758,9
759,8
760,11
761,8
762,3
763,4
764,1
765,3
766,3
767,3
768,10
769,8
770,2
771,1
772,4
773,11
774,2
775,9
776,3
777,8
778,8
779,8
780,6
781,7
782,8
783,3
784,10
785,11
786,1
787,3
788,3
789,9
790,7
791,1
792,6
793,9
794,2
795,1
796,1
797,1
798,1
799,8
800,8
801,11
802,6
803,1
804,1
805,9
806,1
807,8
808,1
809,7
810,2
811,3
812,7
813,4
814,6
815,3
816,1
817,5
818,11
819,6
820,11
821,4
822,3
823,8
824,6
825,10
826,8
827,3
828,4
829,8
830,1
831,1
832,8
833,8
834,2
835,1
836,8
837,11
838,5
839,3
840,8
841,4
842,8
843,8
844,1
845,8
846,8
847,1
848,10
849,4
850,8
851,7
852,8
853,6
854,4
855,10
856,11
857,6
858,1
859,11
860,6
861,8
862,4
863,5
864,1
865,1
866,8
867,11
868,3
869,4
870,1
871,6
872,4
873,8
874,3
875,10
876,1
877,8
878,1
879,1
880,8
881,11
882,4
883,3
884,1
885,6
886,1
887,3
888,11
889,11
890,10
891,1
892,9
893,5
894,11
895,10
896,4
897,7
898,2
899,1
900,7
901,1
902,1
903,8
904,10
905,8
906,1
907,1
908,8
909,4
910,6
911,2
912,8
913,3
914,3
915,6
916,4
917,8
918,3
919,8
920,10
921,8
922,8
923,11
924,10
925,8
926,10
927,8
928,11
929,1
930,8
931,9
932,4
933,6
934,9
935,1
936,6
937,8
938,8
939,9
940,8
941,6
942,9
943,6
944,3
945,11
946,4
947,3
948,4
949,8
950,8
951,8
952,10
953,7
954,2
955,10
956,1
957,8
958,4
959,8
960,3
961,9
962,8
963,9
964,11
965,5
966,11
967,9
968,5
969,7
970,8
971,8
972,3
973,7
974,10
975,3
976,3
977,8
978,1
979,6
980,9
981,1
982,11
983,8
984,8
985,8
986,4
987,1
988,11
989,4
990,6
991,1
992,8
993,1
994,11
995,4
996,3
997,11
998,8
999,8
1000,1
1001,9
1002,5
1003,10
1004,11
1005,1
1006,10
1007,8
1008,7
1009,1
1010,1
1011,8
1012,4
1013,1
1014,11
1015,8
1016,10
1017,11
1018,1
1019,9
1020,8
1021,3
1022,11
1023,9
1024,6
1025,11
1026,10
1027,11
1028,8
1029,1
1030,1
1031,10
1032,6
1033,9
1034,1
1035,3
1036,9
1037,3
1038,3
1039,11
1040,9
1041,8
1042,8
1043,3
1044,9
1045,11
1046,1
1047,2
1048,10
1049,8
1050,7
1051,3
1052,3
1053,8
1054,3
1055,2
1056,10
1057,10
1058,8
1059,8
1060,2
1061,1
1062,1
1063,3
1064,5
1065,8
1066,9
1067,8
1068,6
1069,5
1070,8
1071,10
1072,9
1073,2
1074,1
1075,10
1076,7
1077,1
1078,8
1079,10
1080,8
1081,4
1082,1
1083,1
1084,7
1085,10
1086,8
1087,8
1088,3
1089,8
1090,9
1091,1
1092,4
1093,9
1094,1
1095,1
1096,4
1097,9
1098,8
1099,10
1100,1
1101,7
1102,7
1103,10
1104,3
1105,1
1106,3
1107,3
1108,4
1109,4
1110,1
1111,6
1112,9
1113,9
1114,11
1115,11
1116,11
1117,9
1118,1
1119,4
1120,3
1121,8
1122,3
1123,8
1124,5
1125,9
1126,8
1127,9
1128,11
1129,9
1130,10
1131,11
1132,8
1133,1
1134,8
1135,1
1136,1
1137,7
1138,4
1139,2
1140,9
1141,11
1142,7
1143,9
1144,9
1145,8
1146,4
1147,8
1148,3
1149,6
1150,4
1151,1
1152,3
1153,1
1154,8
1155,1
1156,10
1157,3
1158,9
1159,8
1160,10
1161,8
1162,8
1163,9
1164,2
1165,1
1166,1
1167,6
1168,9
1169,1
1170,8
1171,8
1172,2
1173,6
1174,2
1175,8
1176,3
1177,6
1178,2
1179,7
1180,8
1181,3
1182,3
1183,3
1184,8
1185,11
1186,4
1187,8
1188,3
1189,3
1190,3
1191,4
1192,2
1193,1
1194,3
1195,11
1196,7
1197,10
1198,7
1199,7
1200,9
1201,9
1202,3
1203,1
1204,1
1205,11
1206,1
1207,3
1208,3
1209,11
1210,8
1211,3
1212,1
1213,8
1214,2
1215,1
1216,11
1217,8
1218,8
1219,11
1220,9
1221,3
1222,11
1223,7
1224,8
1225,7
1226,9
1227,6
1228,2
1229,6
1230,8
1231,1
1232,8
1233,5
1234,10
1235,4
1236,8
1237,8
1238,6
1239,10
1240,11
1241,8
1242,8
1243,8
1244,8
1245,10
1246,2
1247,10
1248,8
1249,3
1250,8
1251,7
1252,3
1253,9
1254,3
1255,4
1256,3
1257,10
1258,1
1259,8
1260,11
1261,5
1262,8
1263,6
1264,11
1265,6
1266,9
1267,3
1268,6
1269,1
1270,8
1271,8
1272,8
1273,8
1274,8
1275,8
1276,1
1277,1
1278,2
1279,9
1280,1
1281,2
1282,6
1283,4
1284,8
1285,6
1286,3
1287,6
1288,10
1289,8
1290,11
1291,11
1292,1
1293,4
1294,11
1295,8
1296,1
1297,10
1298,6
1299,3
1300,6
1301,8
1302,8
1303,8
1304,10
1305,3
1306,11
1307,8
1308,11
1309,10
1310,3
1311,1
1312,3
1313,7
1314,9
1315,6
1316,8
1317,6
1318,3
1319,10
1320,11
1321,3
1322,11
1323,8
1324,10
1325,11
1326,8
1327,9
1328,10
1329,8
1330,8
1331,7
1332,9
1333,8
1334,8
1335,8
1336,6
1337,8
1338,11
1339,3
1340,4
1341,10
1342,3
1343,3
1344,8
1345,6
1346,8
1347,1
1348,3
1349,1
1350,9
1351,1
1352,10
1353,8
1354,8
1355,1
1356,6
1357,10
1358,7
1359,1
1360,1
1361,1
1362,1
1363,11
1364,10
1365,4
1366,3
1367,8
1368,1
1369,8
1370,2
1371,4
1372,1
1373,1
1374,8
1375,4
1376,1
1377,1
1378,10
1379,6
1380,8
1381,8
1382,4
1383,1
1384,1
1385,1
1386,4
1387,4
1388,8
1389,11
1390,8
1391,11
1392,4
1393,9
1394,3
1395,6
1396,1
1397,9
1398,1
1399,3
1400,7
1401,3
1402,8
1403,11
1404,1
1405,3
1406,10
1407,1
1408,1
1409,11
1410,7
1411,3
1412,9
1413,10
1414,8
1415,9
1416,3
1417,3
1418,7
1419,3
1420,1
1421,6
1422,8
1423,6
1424,4
1425,1
1426,1
1427,4
1428,3
1429,1
1430,11
1431,4
1432,9
1433,6
1434,9
1435,8
1436,6
1437,6
1438,4
1439,3
1440,8
1441,7
1442,8
1443,3
1444,8
1445,11
1446,8
1447,10
1448,1
1449,8
1450,4
1451,1
1452,6
1453,4
1454,3
1455,8
1456,8
1457,4
1458,11
1459,1
1460,1
1461,8
1462,7
1463,8
1464,2
1465,8
1466,11
1467,5
1468,8
1469,6
1470,1
1471,11
1472,7
1473,9
1474,6
1475,10
1476,3
1477,4
1478,8
1479,1
1480,11
1481,11
1482,11
1483,6
1484,1
1485,10
1486,9
1487,7
1488,11
1489,8
1490,8
1491,8
1492,8
1493,1
1494,4
1495,1
1496,10
1497,11
1498,8
1499,4
1500,2
1501,8
1502,8
1503,8
1504,8
1505,4
1506,8
1507,1
1508,10
1509,8
1510,4
1511,7
1512,8
1513,8
1514,2
1515,1
1516,1
1517,6
1518,4
1519,10
1520,9
1521,10
1522,8
1523,2
1524,9
1525,10
1526,7
1527,1
1528,2
1529,11
1530,8
1531,8
1532,8
1533,1
1534,4
1535,1
1536,3
1537,11
1538,9
1539,1
1540,4
1541,6
1542,8
1543,7
1544,8
1545,1
1546,11
1547,8
1548,8
1549,4
1550,10
1551,2
1552,4
1553,10
1554,4
1555,1
1556,1
1557,7
1558,1
1559,1
1560,6
1561,1
1562,4
1563,6
1564,4
1565,8
1566,9
1567,8
1568,3
1569,1
1570,8
1571,1
1572,8
1573,6
1574,4
1575,8
1576,1
1577,11
1578,8
1579,6
1580,2
1581,3
1582,8
1583,7
1584,10
1585,6
1586,8
1587,4
1588,7
1589,10
1590,2
1591,3
1592,3
1593,1
1594,8
1595,1
1596,6
1597,7
1598,8
1599,7
1600,1
1601,7
1602,7
1603,1
1604,8
1605,8
1606,9
1607,7
1608,5
1609,6
1610,8
1611,7
1612,3
1613,7
1614,3
1615,10
1616,9
1617,7
1618,7
1619,6
1620,3
1621,8
1622,1
1623,8
1624,7
1625,8
1626,7
1627,8
1628,11
1629,1
1630,2
1631,1
1632,6
1633,1
1634,6
1635,7
1636,4
1637,7
1638,10
1639,11
1640,6
1641,9
1642,2
1643,11
1644,4
1645,9
1646,3
1647,1
1648,8
1649,8
1650,9
1651,3
1652,1
1653,3
1654,8
1655,8
1656,9
1657,11
1658,11
1659,8
1660,9
1661,11
1662,6
1663,10
1664,6
1665,5
1666,11
1667,8
1668,3
1669,10
1670,11
1671,1
1672,4
1673,4
1674,11
1675,8
1676,11
1677,3
1678,8
1679,8
1680,9
1681,10
1682,11
1683,4
1684,8
1685,10
1686,4
1687,1
1688,11
1689,8
1690,11
1691,7
1692,1
1693,10
1694,10
1695,11
1696,6
1697,6
1698,9
1699,1
1700,1
1701,4
1702,7
1703,5
1704,3
1705,7
1706,10
1707,7
1708,8
1709,11
1710,8
1711,8
1712,1
1713,1
1714,1
1715,11
1716,8
1717,6
1718,7
1719,8
1720,1
1721,4
1722,1
1723,4
1724,10
1725,4
1726,3
1727,7
1728,1
1729,6
1730,4
1731,11
1732,2
1733,8
1734,8
1735,8
1736,4
1737,1
1738,4
1739,8
1740,1
1741,1
1742,1
1743,1
1744,10
1745,8
1746,10
1747,8
1748,3
1749,3
1750,6
1751,7
1752,9
1753,11
1754,8
1755,4
1756,4
1757,9
1758,11
1759,3
1760,5
1761,8
1762,1
1763,3
1764,8
1765,8
1766,11
1767,6
1768,8
1769,7
1770,6
1771,10
1772,4
1773,6
1774,8
1775,9
1776,4
1777,9
1778,10
1779,7
1780,9
1781,4
1782,3
1783,3
1784,9
1785,8
1786,6
1787,1
1788,8
1789,1
1790,8
1791,5
1792,3
1793,1
1794,8
1795,7
1796,8
1797,1
1798,7
1799,2
1800,7
1801,1
1802,3
1803,10
1804,10
1805,6
1806,4
1807,1
1808,6
1809,4
1810,1
1811,8
1812,8
1813,4
1814,10
1815,9
1816,1
1817,3
1818,6
1819,1
1820,11
1821,6
1822,11
1823,8
1824,8
1825,8
1826,8
1827,1
1828,8
1829,8
1830,9
1831,9
1832,10
1833,3
1834,6
1835,8
1836,8
1837,1
1838,8
1839,9
1840,1
1841,3
1842,6
1843,8
1844,1
1845,6
1846,8
1847,6
1848,5
1849,8
1850,1
1851,3
1852,11
1853,3
1854,1
1855,11
1856,1
1857,8
1858,3
1859,8
1860,6
1861,6
1862,8
1863,8
1864,2
1865,4
1866,7
1867,1
1868,7
1869,8
1870,7
1871,10
1872,6
1873,4
1874,9
1875,5
1876,1
1877,8
1878,1
1879,8
1880,10
1881,8
1882,8
1883,4
1884,8
1885,8
1886,10
1887,3
1888,10
1889,4
1890,8
1891,2
1892,6
1893,6
1894,11
1895,1
1896,10
1897,8
1898,3
1899,10
1900,1
1901,4
1902,6
1903,5
1904,1
1905,8
1906,1
1907,4
1908,8
1909,6
1910,3
1911,1
1912,11
1913,11
1914,8
1915,1
1916,8
1917,6
1918,9
1919,1
1920,1
1921,3
1922,10
1923,7
1924,1
1925,10
1926,4
1927,11
1928,4
1929,10
1930,1
1931,10
1932,4
1933,1
1934,7
1935,8
1936,1
1937,3
1938,8
1939,8
1940,1
1941,5
1942,6
1943,1
1944,7
1945,4
1946,3
1947,6
1948,1
1949,3
1950,11
1951,3
1952,3
1953,8
1954,6
1955,8
1956,6
1957,1
1958,8
1959,8
1960,8
1961,11
1962,9
1963,8
1964,8
1965,8
1966,8
1967,1
1968,8
1969,11
1970,1
1971,10
1972,8
1973,7
1974,8
1975,1
1976,1
1977,11
1978,3
1979,10
1980,3
1981,1
1982,3
1983,1
1984,8
1985,9
1986,8
1987,1
1988,10
1989,8
1990,8
1991,9
1992,9
1993,3
1994,4
1995,4
1996,7
1997,2
1998,1
1999,1
2000,4
2001,4
2002,8
2003,1
2004,8
2005,8
2006,9
2007,1
2008,10
2009,1
2010,8
2011,7
2012,4
2013,8
2014,7
2015,3
2016,1
2017,8
2018,8
2019,7
2020,10
2021,1
2022,9
2023,6
2024,8
2025,1
2026,3
2027,3
2028,1
2029,9
2030,1
2031,1
2032,4
2033,1
2034,8
2035,9
2036,10
2037,9
2038,1
2039,10
2040,11
2041,3
2042,3
2043,1
2044,3
2045,3
2046,1
2047,3
2048,11
2049,11
2050,8
2051,2
2052,3
2053,5
2054,3
2055,11
2056,2
2057,3
2058,9
2059,11
2060,9
2061,1
2062,1
2063,7
2064,2
2065,8
2066,6
2067,1
2068,1
2069,1
2070,6
2071,8
2072,10
2073,3
2074,8
2075,2
2076,11
2077,4
2078,7
2079,8
2080,11
2081,10
2082,11
2083,2
2084,1
2085,6
2086,10
2087,1
2088,10
2089,8
2090,6
2091,10
2092,4
2093,6
2094,1
2095,6
2096,1
2097,4
2098,9
2099,10
2100,3
2101,8
2102,2
2103,9
2104,8
2105,1
2106,6
2107,4
2108,9
2109,1
2110,7
2111,11
2112,8
2113,8
2114,3
2115,6
2116,3
2117,8
2118,1
2119,1
2120,10
2121,8
2122,4
2123,8
2124,10
2125,11
2126,11
2127,9
2128,8
2129,9
2130,1
2131,3
2132,3
2133,8
2134,10
2135,8
2136,11
2137,2
2138,10
2139,8
2140,3
2141,10
2142,8
2143,9
2144,4
2145,8
2146,10
2147,9
2148,7
2149,8
2150,1
2151,9
2152,4
2153,3
2154,7
2155,8
2156,1
2157,6
2158,3
2159,7
2160,11
2161,3
2162,1
2163,1
2164,1
2165,4
2166,1
2167,9
2168,6
2169,3
2170,8
2171,9
2172,8
2173,3
2174,4
2175,11
2176,4
2177,4
2178,3
2179,1
2180,1
2181,6
2182,9
2183,1
2184,10
2185,3
2186,5
2187,8
2188,6
2189,8
2190,8
2191,11
2192,1
2193,9
2194,8
2195,3
2196,9
2197,9
2198,11
2199,1
2200,1
2201,8
2202,8
2203,10
2204,6
2205,8
2206,1
2207,1
2208,1
2209,8
2210,11
2211,8
2212,4
2213,5
2214,3
2215,8
2216,9
2217,11
2218,1
2219,1
2220,3
2221,1
2222,3
2223,6
2224,8
2225,10
2226,1
2227,8
2228,6
2229,11
2230,5
2231,8
2232,2
2233,8
2234,7
2235,11
2236,7
2237,7
2238,1
2239,8
2240,8
2241,4
2242,8
2243,7
2244,1
2245,8
2246,1
2247,1
2248,1
2249,1
2250,8
2251,1
2252,3
2253,2
2254,6
2255,6
2256,10
2257,10
2258,1
2259,8
2260,4
2261,4
2262,3
2263,6
2264,11
2265,9
2266,10
2267,11
2268,4
2269,1
2270,10
2271,10
2272,3
2273,1
2274,3
2275,5
2276,10
2277,11
2278,8
2279,7
2280,8
2281,9
2282,2
2283,6
2284,8
2285,7
2286,3
2287,2
2288,3
2289,9
2290,9
2291,11
2292,1
2293,3
2294,8
2295,1
2296,11
2297,1
2298,10
2299,4
2300,10
2301,11
2302,1
2303,1
2304,11
2305,8
2306,8
2307,8
2308,3
2309,7
2310,7
2311,10
2312,4
2313,1
2314,3
2315,11
2316,1
2317,1
2318,10
2319,11
2320,10
2321,10
2322,1
2323,9
2324,4
2325,8
2326,1
2327,8
2328,8
2329,7
2330,8
2331,1
2332,6
2333,8
2334,8
2335,4
2336,1
2337,1
2338,3
2339,1
2340,8
2341,8
2342,8
2343,1
2344,8
2345,10
2346,4
2347,8
2348,6
2349,1
2350,6
2351,10
2352,11
2353,7
2354,8
2355,3
2356,1
2357,4
2358,1
2359,6
2360,1
2361,6
2362,3
2363,1
2364,8
2365,7
2366,3
2367,10
2368,8
2369,7
2370,3
2371,11
2372,1
2373,7
2374,8
2375,6
2376,11
2377,9
2378,11
2379,9
2380,4
2381,7
2382,8
2383,11
2384,3
2385,3
2386,8
2387,8
2388,8
2389,8
2390,7
2391,1
2392,1
2393,8
2394,8
2395,10
2396,8
2397,11
2398,8
2399,10
2400,1
2401,8
2402,4
2403,11
2404,11
2405,8
2406,8
2407,11
2408,8
2409,8
2410,11
2411,11
2412,10
2413,6
2414,3
2415,8
2416,4
2417,7
2418,4
2419,10
2420,4
2421,3
2422,7
2423,3
2424,11
2425,1
2426,11
2427,10
2428,8
2429,3
2430,9
2431,1
2432,8
2433,8
2434,3
2435,1
2436,1
2437,6
2438,8
2439,1
2440,1
2441,1
2442,1
2443,3
2444,6
2445,8
2446,8
2447,8
2448,6
2449,8
2450,1
2451,11
2452,6
2453,2
2454,6
2455,10
2456,1
2457,6
2458,10
2459,8
2460,11
2461,3
2462,3
2463,1
2464,8
2465,6
2466,8
2467,8
2468,9
2469,1
2470,11
2471,6
2472,4
2473,8
2474,6
2475,1
2476,1
2477,1
2478,4
2479,6
2480,8
2481,6
2482,1
2483,9
2484,6
2485,4
2486,1
2487,1
2488,6
2489,4
2490,8
2491,11
2492,10
2493,8
2494,3
2495,1
2496,8
2497,8
2498,4
2499,1
2500,8
2501,8
2502,11
2503,1
2504,6
2505,10
2506,8
2507,11
2508,1
2509,11
2510,2
2511,9
2512,3
2513,8
2514,8
2515,3
2516,8
2517,3
2518,8
2519,6
2520,10
2521,11
2522,8
2523,10
2524,4
2525,10
2526,1
2527,9
2528,7
2529,1
2530,2
2531,11
2532,10
2533,7
2534,7
2535,9
2536,3
2537,11
2538,9
2539,1
2540,8
2541,8
2542,8
2543,8
2544,4
2545,10
2546,9
2547,4
2548,11
2549,1
2550,3
2551,3
2552,10
2553,9
2554,1
2555,10
2556,1
2557,6
2558,4
2559,4
2560,9
2561,8
2562,10
2563,11
2564,1
2565,3
2566,11
2567,5
2568,3
2569,8
2570,3
2571,4
2572,4
2573,8
2574,8
2575,8
2576,1
2577,2
2578,10
2579,3
2580,4
2581,3
2582,2
2583,7
2584,9
2585,3
2586,10
2587,7
2588,9
2589,8
2590,4
2591,5
2592,8
2593,6
2594,9
2595,1
2596,11
2597,1
2598,8
2599,1
2600,3
2601,2
2602,4
2603,11
2604,11
2605,2
2606,1
2607,4
2608,9
2609,7
2610,1
2611,2
2612,11
2613,6
2614,1
2615,6
2616,1
2617,11
2618,1
2619,4
2620,8
2621,8
2622,7
2623,9
2624,3
2625,9
2626,8
2627,2
2628,11
2629,1
2630,1
2631,1
2632,8
2633,10
2634,8
2635,6
2636,1
2637,6
2638,10
2639,2
2640,11
2641,11
2642,8
2643,11
2644,3
2645,10
2646,10
2647,3
2648,5
2649,1
2650,2
2651,2
2652,2
2653,7
2654,1
2655,1
2656,8
2657,8
2658,2
2659,8
2660,7
2661,4
2662,1
2663,4
2664,1
2665,3
2666,10
2667,6
2668,8
2669,3
2670,1
2671,1
2672,8
2673,3
2674,4
2675,8
2676,9
2677,8
2678,7
2679,2
2680,11
2681,1
2682,10
2683,8
2684,4
2685,7
2686,7
2687,10
2688,7
2689,3
2690,9
2691,8
2692,1
2693,8
2694,4
2695,11
2696,1
2697,8
2698,10
2699,4
2700,1
2701,11
2702,1
2703,1
2704,9
2705,3
2706,10
2707,6
2708,1
2709,8
2710,6
2711,1
2712,7
2713,3
2714,8
2715,8
2716,6
2717,10
2718,1
2719,11
2720,10
2721,9
2722,1
2723,8
2724,8
2725,11
2726,8
2727,8
2728,6
2729,6
2730,3
2731,10
2732,1
2733,4
2734,11
2735,1
2736,10
2737,7
2738,8
2739,1
2740,8
2741,11
2742,3
2743,8
2744,5
2745,1
2746,11
2747,8
2748,8
2749,1
2750,8
2751,3
2752,1
2753,1
2754,4
2755,3
2756,4
2757,3
2758,8
2759,5
2760,8
2761,8
2762,7
2763,11
2764,8
2765,3
2766,10
2767,10
2768,10
2769,9
2770,2
2771,1
2772,11
2773,6
2774,11
2775,9
2776,1
2777,11
2778,11
2779,3
2780,8
2781,11
2782,1
2783,1
2784,11
2785,8
2786,2
2787,6
2788,4
2789,4
2790,3
2791,8
2792,4
2793,4
2794,9
2795,5
2796,10
2797,3
2798,4
2799,3
2800,4
2801,8
2802,11
2803,1
2804,1
2805,8
2806,1
2807,8
2808,11
2809,10
2810,10
2811,2
2812,5
2813,11
2814,1
2815,5
2816,2
2817,8
2818,8
2819,8
2820,11
2821,1
2822,8
2823,9
2824,3
2825,6
2826,3
2827,8
2828,9
2829,10
2830,1
2831,3
2832,1
2833,3
2834,7
2835,11
2836,2
2837,9
2838,3
2839,1
2840,1
2841,8
2842,1
2843,8
2844,8
2845,11
2846,6
2847,11
2848,1
2849,8
2850,8
2851,4
2852,8
2853,4
2854,2
2855,1
2856,9
2857,8
2858,1
2859,1
2860,1
2861,10
2862,1
2863,1
2864,1
2865,8
2866,8
2867,1
2868,8
2869,8
2870,11
2871,4
2872,8
2873,4
2874,8
2875,4
2876,8
2877,3
2878,1
2879,6
2880,4
2881,1
2882,9
2883,8
2884,10
2885,1
2886,3
2887,1
2888,1
2889,9
2890,3
2891,3
2892,8
2893,8
2894,9
2895,1
2896,6
2897,8
2898,8
2899,1
2900,3
2901,10
2902,9
2903,1
2904,10
2905,3
2906,8
2907,1
2908,11
2909,1
2910,3
2911,3
2912,11
2913,8
2914,4
2915,4
2916,8
2917,8
2918,11
2919,8
2920,10
2921,10
2922,6
2923,10
2924,1
2925,11
2926,1
2927,8
2928,6
2929,1
2930,1
2931,11
2932,1
2933,6
2934,3
2935,3
2936,10
2937,9
2938,3
2939,8
2940,3
2941,1
2942,8
2943,4
2944,10
2945,10
2946,11
2947,6
2948,9
2949,9
2950,8
2951,10
2952,8
2953,8
2954,2
2955,5
2956,7
2957,1
2958,8
2959,5
2960,2
2961,8
2962,8
2963,2
2964,1
2965,4
2966,3
2967,1
2968,11
2969,9
2970,11
2971,8
2972,1
2973,9
2974,3
2975,8
2976,8
2977,8
2978,1
2979,3
2980,3
2981,1
2982,1
2983,9
2984,8
2985,8
2986,11
2987,9
2988,1
2989,4
2990,4
2991,8
2992,8
2993,8
2994,8
2995,10
2996,8
2997,7
2998,8
2999,1
3000,9
3001,1
3002,8
3003,11
3004,11
3005,11
3006,3
3007,1
3008,10
3009,10
3010,4
3011,7
3012,10
3013,11
3014,11
3015,4
3016,7
3017,7
3018,6
3019,10
3020,2
3021,10
3022,8
3023,3
3024,1
3025,11
3026,8
3027,8
3028,4
3029,9
3030,1
3031,8
3032,1
3033,11
3034,8
3035,10
3036,1
3037,7
3038,1
3039,2
3040,6
3041,3
3042,8
3043,4
3044,6
3045,7
3046,8
3047,8
3048,8
3049,3
3050,1
3051,8
3052,8
3053,4
3054,1
3055,8
3056,3
3057,8
3058,8
3059,11
3060,8
3061,9
3062,4
3063,7
3064,1
3065,3
3066,1
3067,3
3068,3
3069,3
3070,8
3071,11
3072,8
3073,7
3074,8
3075,1
3076,4
3077,1
3078,5
3079,2
3080,1
3081,11
3082,2
3083,9
3084,3
3085,4
3086,1
3087,4
3088,7
3089,2
3090,6
3091,3
3092,10
3093,8
3094,1
3095,4
3096,8
3097,1
3098,1
3099,6
3100,3
3101,8
3102,2
3103,10
3104,3
3105,9
3106,3
3107,8
3108,1
3109,3
3110,8
3111,1
3112,8
3113,2
3114,10
3115,1
3116,11
3117,9
3118,10
3119,7
3120,1
3121,5
3122,1
3123,10
3124,8
3125,1
3126,10
3127,7
3128,6
3129,7
3130,11
3131,1
3132,7
3133,2
3134,1
3135,3
3136,1
3137,7
3138,8
3139,11
3140,3
3141,1
3142,11
3143,8
3144,8
3145,6
3146,9
3147,8
3148,4
3149,8
3150,3
3151,3
3152,1
3153,1
3154,4
3155,1
3156,11
3157,1
3158,1
3159,9
3160,2
3161,1
3162,9
3163,7
3164,1
3165,4
3166,8
3167,11
3168,9
3169,9
3170,2
3171,11
3172,10
3173,10
3174,6
3175,11
3176,4
3177,4
3178,1
3179,9
3180,8
3181,8
3182,8
3183,1
3184,1
3185,4
3186,2
3187,8
3188,11
3189,7
3190,8
3191,9
3192,1
3193,3
3194,1
3195,6
3196,1
3197,10
3198,1
3199,8
3200,1
3201,10
3202,2
3203,11
3204,3
3205,11
3206,11
3207,9
3208,7
3209,3
3210,1
3211,1
3212,2
3213,8
3214,1
3215,8
3216,5
3217,1
3218,8
3219,4
3220,1
3221,9
3222,8
3223,8
3224,9
3225,8
3226,8
3227,3
3228,4
3229,3
3230,11
3231,11
3232,6
3233,6
3234,8
3235,10
3236,1
3237,10
3238,1
3239,8
3240,1
3241,4
3242,9
3243,1
3244,7
3245,10
3246,1
3247,9
3248,4
3249,6
3250,10
3251,1
3252,3
3253,3
3254,1
3255,4
3256,8
3257,8
3258,8
3259,10
3260,4
3261,3
3262,9
3263,9
3264,8
3265,6
3266,8
3267,1
3268,1
3269,9
3270,6
3271,1
3272,6
3273,11
3274,7
3275,3
3276,8
3277,1
3278,8
3279,5
3280,7
3281,8
3282,8
3283,8
3284,7
3285,8
3286,6
3287,7
3288,1
3289,6
3290,7
3291,7
3292,3
3293,7
3294,11
3295,1
3296,1
3297,6
3298,8
3299,10
3300,11
3301,8
3302,3
3303,11
3304,9
3305,2
3306,8
3307,8
3308,4
3309,1
3310,3
3311,3
3312,10
3313,3
3314,6
3315,10
3316,1
3317,8
3318,11
3319,3
3320,7
3321,2
3322,10
3323,4
3324,11
3325,10
3326,3
3327,3
3328,1
3329,11
3330,8
3331,1
3332,7
3333,6
3334,6
3335,1
3336,4
3337,1
3338,4
3339,3
3340,1
3341,9
3342,1
3343,9
3344,8
3345,4
3346,9
3347,9
3348,3
3349,9
3350,4
3351,8
3352,1
3353,9
3354,8
3355,10
3356,11
3357,9
3358,3
3359,1
3360,8
3361,1
3362,8
3363,3
3364,4
3365,8
3366,8
3367,4
3368,9
3369,7
3370,1
3371,8
3372,4
3373,8
3374,9
3375,9
3376,1
3377,2
3378,11
3379,10
3380,1
3381,3
3382,5
3383,1
3384,3
3385,8
3386,8
3387,11
3388,9
3389,10
3390,7
3391,8
3392,3
3393,4
3394,1
3395,4
3396,10
3397,7
3398,8
3399,1
3400,6
3401,4
3402,8
3403,1
3404,8
3405,6
3406,8
3407,8
3408,3
3409,1
3410,8
3411,2
3412,2
3413,11
3414,8
3415,1
3416,6
3417,8
3418,3
3419,4
3420,3
3421,8
3422,7
3423,8
3424,8
3425,3
3426,8
3427,3
3428,6
3429,11
3430,8
3431,8
3432,7
3433,1
3434,3
3435,6
3436,1
3437,11
3438,1
3439,9
3440,4
3441,8
3442,4
3443,4
3444,9
3445,1
3446,8
3447,8
3448,10
3449,7
3450,8
3451,1
3452,11
3453,1
3454,10
3455,8
3456,8
3457,1
3458,8
3459,6
3460,1
3461,8
3462,2
3463,10
3464,7
3465,4
3466,11
3467,9
3468,8
3469,10
3470,6
3471,7
3472,11
3473,9
3474,1
3475,11
3476,11
3477,1
3478,11
3479,5
3480,3
3481,6
3482,3
3483,1
3484,10
3485,1
3486,4
3487,6
3488,2
3489,1
3490,1
3491,6
3492,8
3493,8
3494,1
3495,1
3496,8
3497,1
3498,5
3499,11
3500,1
3501,7
3502,1
3503,1
3504,8
3505,4
3506,4
3507,4
3508,10
3509,4
3510,1
3511,7
3512,6
3513,1
3514,3
3515,7
3516,4
3517,6
3518,4
3519,9
3520,11
3521,4
3522,10
3523,6
3524,9
3525,3
3526,1
3527,7
3528,3
3529,11
3530,4
3531,1
3532,6
3533,4
3534,8
3535,8
3536,4
3537,10
3538,8
3539,1
3540,1
3541,1
3542,8
3543,1
3544,9
3545,8
3546,8
3547,6
3548,8
3549,2
3550,2
3551,8
3552,9
3553,1
3554,1
3555,1
3556,1
3557,8
3558,11
3559,1
3560,3
3561,11
3562,8
3563,3
3564,3
3565,3
3566,11
3567,9
3568,10
3569,8
3570,1
3571,3
3572,11
3573,8
3574,3
3575,6
3576,4
3577,8
3578,4
3579,3
3580,2
3581,6
3582,11
3583,9
3584,1
3585,8
3586,4
3587,1
3588,8
3589,9
3590,6
3591,8
3592,8
3593,9
3594,9
3595,8
3596,9
3597,3
3598,11
3599,8
3600,6
3601,1
3602,8
3603,9
3604,9
3605,11
3606,10
3607,7
3608,3
3609,5
3610,9
3611,2
3612,10
3613,11
3614,8
3615,8
3616,11
3617,6
3618,8
3619,8
3620,2
3621,4
3622,3
3623,6
3624,1
3625,10
3626,3
3627,8
3628,10
3629,3
3630,8
3631,10
3632,11
3633,2
3634,9
3635,2
3636,8
3637,8
3638,10
3639,8
3640,10
3641,9
3642,8
3643,11
3644,11
3645,10
3646,10
3647,1
3648,1
3649,2
3650,9
3651,3
3652,3
3653,5
3654,8
3655,10
3656,3
3657,10
3658,8
3659,7
3660,6
3661,10
3662,7
3663,3
3664,10
3665,3
3666,1
3667,1
3668,8
3669,9
3670,1
3671,9
3672,5
3673,6
3674,5
3675,1
3676,8
3677,7
3678,1
3679,4
3680,6
3681,1
3682,5
3683,8
3684,2
3685,10
3686,8
3687,4
3688,10
3689,10
3690,8
3691,1
3692,1
3693,1
3694,10
3695,10
3696,8
3697,4
3698,8
3699,6
3700,1
3701,1
3702,9
3703,3
3704,1
3705,1
3706,7
3707,9
3708,11
3709,10
3710,8
3711,9
3712,2
3713,8
3714,1
3715,6
3716,11
3717,4
3718,1
3719,8
3720,1
3721,1
3722,7
3723,8
3724,8
3725,8
3726,3
3727,11
3728,8
3729,10
3730,8
3731,4
3732,1
3733,8
3734,1
3735,3
3736,11
3737,8
3738,4
3739,8
3740,5
3741,10
3742,2
3743,1
3744,3
3745,7
3746,7
3747,3
3748,8
3749,9
3750,4
3751,11
3752,3
3753,3
3754,6
3755,1
3756,10
3757,10
3758,8
3759,3
3760,6
3761,3
3762,4
3763,3
3764,3
3765,8
3766,7
3767,1
3768,2
3769,3
3770,5
3771,1
3772,2
3773,10
3774,11
3775,8
3776,6
3777,8
3778,8
3779,1
3780,6
3781,10
3782,10
3783,3
3784,8
3785,8
3786,7
3787,1
3788,7
3789,1
3790,11
3791,7
3792,5
3793,8
3794,11
3795,3
3796,3
3797,8
3798,6
3799,4
3800,1
3801,8
3802,8
3803,8
3804,9
3805,8
3806,8
3807,8
3808,8
3809,8
3810,10
3811,3
3812,8
3813,6
3814,8
3815,3
3816,8
3817,5
3818,7
3819,3
3820,8
3821,4
3822,2
3823,3
3824,1
3825,1
3826,10
3827,11
3828,5
3829,8
3830,8
3831,8
3832,6
3833,8
3834,6
3835,8
3836,6
3837,6
3838,2
3839,5
3840,3
3841,8
3842,5
3843,4
3844,7
3845,4
3846,4
3847,10
3848,1
3849,6
3850,1
3851,3
3852,4
3853,7
3854,3
3855,8
3856,3
3857,11
3858,10
3859,9
3860,7
3861,8
3862,1
3863,1
3864,8
3865,8
3866,11
3867,3
3868,4
3869,8
3870,6
3871,8
3872,8
3873,8
3874,11
3875,2
3876,4
3877,8
3878,1
3879,7
3880,3
3881,1
3882,10
3883,8
3884,10
3885,4
3886,6
3887,8
3888,10
3889,11
3890,7
3891,3
3892,10
3893,10
3894,3
3895,8
3896,1
3897,9
3898,2
3899,4
3900,11
3901,3
3902,2
3903,5
3904,10
3905,3
3906,3
3907,1
3908,8
3909,8
3910,7
3911,1
3912,5
3913,7
3914,11
3915,10
3916,6
3917,3
3918,3
3919,9
3920,8
3921,1
3922,1
3923,4
3924,6
3925,1
3926,1
3927,3
3928,8
3929,7
3930,8
3931,1
3932,10
3933,3
3934,6
3935,1
3936,8
3937,9
3938,11
3939,4
3940,8
3941,4
3942,7
3943,9
3944,8
3945,3
3946,10
3947,1
3948,1
3949,10
3950,3
3951,9
3952,10
3953,8
3954,1
3955,8
3956,8
3957,11
3958,2
3959,4
3960,9
3961,1
3962,4
3963,3
3964,1
3965,1
3966,10
3967,1
3968,7
3969,3
3970,1
3971,1
3972,3
3973,10
3974,8
3975,5
3976,3
3977,3
3978,5
3979,3
3980,9
3981,8
3982,11
3983,3
3984,10
3985,4
3986,1
3987,8
3988,8
3989,2
3990,4
3991,1
3992,11
3993,6
3994,1
3995,4
3996,1
3997,1
3998,3
3999,4
4000,8
4001,7
4002,6
4003,9
4004,7
4005,3
4006,8
4007,1
4008,4
4009,3
4010,1
4011,9
4012,6
4013,1
4014,9
4015,6
4016,7
4017,8
4018,6
4019,1
4020,1
4021,1
4022,6
4023,9
4024,8
4025,8
4026,1
4027,7
4028,8
4029,6
4030,8
4031,1
4032,11
4033,11
4034,3
4035,1
4036,11
4037,10
4038,6
4039,10
4040,8
4041,8
4042,8
4043,1
4044,4
4045,4
4046,4
4047,10
4048,1
4049,8
4050,8
4051,11
4052,6
4053,4
4054,10
4055,11
4056,8
4057,4
4058,8
4059,11
4060,4
4061,4
4062,7
4063,8
4064,10
4065,1
4066,7
4067,11
4068,9
4069,10
4070,7
4071,1
4072,3
4073,1
4074,3
4075,8
4076,4
4077,1
4078,11
4079,10
4080,1
4081,11
4082,10
4083,3
4084,9
4085,11
4086,9
4087,10
4088,1
4089,9
4090,8
4091,9
4092,1
4093,8
4094,1
4095,11
4096,8
4097,8
4098,11
4099,10
4100,8
4101,8
4102,1
4103,5
4104,8
4105,1
4106,8
4107,11
4108,1
4109,1
4110,1
4111,11
4112,1
4113,1
4114,8
4115,8
4116,3
4117,8
4118,4
4119,4
4120,11
4121,3
4122,7
4123,1
4124,8
4125,7
4126,6
4127,10
4128,6
4129,8
4130,8
4131,11
4132,8
4133,3
4134,9
4135,11
4136,6
4137,2
4138,8
4139,8
4140,1
4141,8
4142,3
4143,10
4144,1
4145,1
4146,3
4147,8
4148,5
4149,11
4150,3
4151,7
4152,10
4153,10
4154,11
4155,11
4156,11
4157,1
4158,6
4159,11
4160,1
4161,3
4162,7
4163,9
4164,9
4165,4
4166,9
4167,6
4168,3
4169,1
4170,5
4171,2
4172,1
4173,6
4174,1
4175,4
4176,10
4177,9
4178,5
4179,10
4180,4
4181,1
4182,9
4183,8
4184,8
4185,10
4186,1
4187,1
4188,11
4189,6
4190,3
4191,1
4192,1
4193,11
4194,6
4195,1
4196,2
4197,11
4198,1
4199,1
4200,3
4201,3
4202,3
4203,1
4204,8
4205,8
4206,3
4207,8
4208,7
4209,1
4210,1
4211,8
4212,6
4213,1
4214,8
4215,9
4216,9
4217,4
4218,1
4219,7
4220,3
4221,6
4222,3
4223,1
4224,11
4225,6
4226,8
4227,8
4228,4
4229,1
4230,8
4231,8
4232,9
4233,1
4234,8
4235,11
4236,10
4237,9
4238,3
4239,11
4240,3
4241,1
4242,10
4243,9
4244,6
4245,4
4246,1
4247,2
4248,11
4249,5
4250,1
4251,9
4252,4
4253,1
4254,4
4255,10
4256,6
4257,10
4258,1
4259,8
4260,1
4261,4
4262,3
4263,8
4264,3
4265,3
4266,11
4267,8
4268,7
4269,1
4270,8
4271,8
4272,1
4273,8
4274,7
4275,10
4276,8
4277,1
4278,8
4279,8
4280,4
4281,10
4282,8
4283,2
4284,8
4285,8
4286,8
4287,1
4288,1
4289,7
4290,4
4291,8
4292,8
4293,7
4294,1
4295,9
4296,8
4297,5
4298,9
4299,8
4300,10
4301,3
4302,3
4303,3
4304,3
4305,11
4306,11
4307,11
4308,6
4309,9
4310,10
4311,10
4312,8
4313,6
4314,11
4315,1
4316,8
4317,5
4318,3
4319,2
4320,4
4321,8
4322,8
4323,2
4324,1
4325,3
4326,1
4327,10
4328,4
4329,3
4330,1
4331,4
4332,8
4333,1
4334,3
4335,2
4336,10
4337,4
4338,8
4339,2
4340,8
4341,11
4342,8
4343,8
4344,9
4345,8
4346,10
4347,1
4348,3
4349,11
4350,6
4351,7
4352,8
4353,9
4354,1
4355,8
4356,8
4357,4
4358,6
4359,11
4360,3
4361,10
4362,11
4363,8
4364,10
4365,11
4366,7
4367,3
4368,6
4369,6
4370,1
4371,11
4372,10
4373,2
4374,3
4375,7
4376,4
4377,3
4378,1
4379,8
4380,8
4381,4
4382,6
4383,4
4384,8
4385,8
4386,5
4387,3
4388,8
4389,11
4390,8
4391,1
4392,6
4393,1
4394,7
4395,1
4396,11
4397,2
4398,9
4399,11
4400,3
4401,11
4402,3
4403,1
4404,11
4405,1
4406,3
4407,8
4408,8
4409,1
4410,11
4411,9
4412,4
4413,4
4414,7
4415,3
4416,11
4417,8
4418,10
4419,8
4420,8
4421,8
4422,10
4423,1
4424,1
4425,2
4426,4
4427,3
4428,8
4429,10
4430,8
4431,10
4432,11
4433,8
4434,11
4435,8
4436,3
4437,1
4438,8
4439,6
4440,8
4441,2
4442,4
4443,1
4444,3
4445,3
4446,6
4447,8
4448,10
4449,4
4450,9
4451,6
4452,7
4453,9
4454,7
4455,11
4456,1
4457,7
4458,8
4459,4
4460,3
4461,11
4462,11
4463,9
4464,8
4465,1
4466,6
4467,4
4468,9
4469,1
4470,1
4471,11
4472,9
4473,3
4474,11
4475,1
4476,6
4477,3
4478,4
4479,1
4480,6
4481,3
4482,3
4483,8
4484,8
4485,8
4486,1
4487,1
4488,10
4489,8
4490,3
4491,9
4492,4
4493,8
4494,11
4495,4
4496,8
4497,11
4498,8
4499,3
4500,8
4501,1
4502,1
4503,8
4504,10
4505,4
4506,1
4507,8
4508,4
4509,1
4510,1
4511,1
4512,1
4513,9
4514,1
4515,8
4516,1
4517,10
4518,1
4519,5
4520,1
4521,3
4522,4
4523,4
4524,7
4525,6
4526,1
4527,3
4528,8
4529,1
4530,1
4531,1
4532,8
4533,5
4534,11
4535,1
4536,3
4537,8
4538,1
4539,2
4540,1
4541,11
4542,11
4543,5
4544,9
4545,3
4546,10
4547,4
4548,2
4549,8
4550,7
4551,8
4552,6
4553,8
4554,1
4555,1
4556,9
4557,9
4558,4
4559,1
4560,5
4561,3
4562,2
4563,10
4564,1
4565,10
4566,10
4567,4
4568,8
4569,10
4570,5
4571,4
4572,11
4573,1
4574,8
4575,8
4576,7
4577,8
4578,7
4579,1
4580,9
4581,9
4582,10
4583,6
4584,1
4585,1
4586,8
4587,10
4588,8
4589,3
4590,10
4591,7
4592,9
4593,4
4594,8
4595,1
4596,4
4597,2
4598,6
4599,11
4600,3
4601,4
4602,10
4603,8
4604,1
4605,9
4606,8
4607,8
4608,1
4609,3
4610,11
4611,1
4612,9
4613,11
4614,8
4615,1
4616,2
4617,5
4618,1
4619,8
4620,8
4621,1
4622,1
4623,8
4624,8
4625,7
4626,4
4627,8
4628,9
4629,6
4630,5
4631,8
4632,2
4633,4
4634,5
4635,1
4636,1
4637,2
4638,8
4639,1
4640,1
4641,3
4642,9
4643,9
4644,3
4645,3
4646,3
4647,9
4648,4
4649,6
4650,8
4651,10
4652,4
4653,11
4654,3
4655,8
4656,8
4657,8
4658,9
4659,1
4660,7
4661,1
4662,3
4663,1
4664,11
4665,2
4666,7
4667,8
4668,8
4669,1
4670,1
4671,3
4672,4
4673,6
4674,1
4675,1
4676,1
4677,7
4678,1
4679,9
4680,1
4681,7
4682,7
4683,4
4684,1
4685,11
4686,10
4687,8
4688,1
4689,9
4690,1
4691,6
4692,3
4693,8
4694,4
4695,10
4696,10
4697,1
4698,8
4699,8
4700,11
4701,8
4702,5
4703,7
4704,9
4705,1
4706,4
4707,10
4708,1
4709,6
4710,11
4711,1
4712,3
4713,11
4714,11
4715,1
4716,8
4717,8
4718,1
4719,6
4720,11
4721,3
4722,8
4723,1
4724,10
4725,1
4726,7
4727,8
4728,5
4729,8
4730,3
4731,1
4732,3
4733,2
4734,1
4735,1
4736,9
4737,8
4738,7
4739,9
4740,3
4741,8
4742,10
4743,1
4744,8
4745,8
4746,1
4747,3
4748,8
4749,1
4750,11
4751,7
4752,10
4753,8
4754,3
4755,8
4756,3
4757,1
4758,1
4759,10
4760,3
4761,1
4762,5
4763,8
4764,8
4765,3
4766,10
4767,8
4768,10
4769,4
4770,2
4771,1
4772,10
4773,8
4774,2
4775,3
4776,3
4777,10
4778,6
4779,6
4780,3
4781,4
4782,8
4783,11
4784,11
4785,9
4786,1
4787,4
4788,8
4789,8
4790,7
4791,11
4792,6
4793,8
4794,3
4795,8
4796,4
4797,9
4798,3
4799,11
4800,1
4801,3
4802,1
4803,2
4804,7
4805,2
4806,4
4807,3
4808,8
4809,11
4810,8
4811,1
4812,1
4813,6
4814,3
4815,9
4816,4
4817,9
4818,1
4819,1
4820,6
4821,3
4822,1
4823,10
4824,10
4825,11
4826,8
4827,6
4828,3
4829,8
4830,10
4831,8
4832,8
4833,8
4834,10
4835,7
4836,3
4837,10
4838,6
4839,1
4840,8
4841,8
4842,7
4843,1
4844,1
4845,1
4846,9
4847,11
4848,9
4849,1
4850,11
4851,10
4852,1
4853,6
4854,3
4855,1
4856,3
4857,1
4858,4
4859,8
4860,11
4861,11
4862,8
4863,3
4864,10
4865,1
4866,3
4867,8
4868,1
4869,8
4870,1
4871,10
4872,4
4873,1
4874,6
4875,7
4876,7
4877,4
4878,6
4879,5
4880,1
4881,11
4882,8
4883,6
4884,10
4885,9
4886,8
4887,3
4888,1
4889,8
4890,7
4891,2
4892,3
4893,4
4894,7
4895,11
4896,6
4897,7
4898,3
4899,9
4900,2
4901,8
4902,1
4903,11
4904,7
4905,9
4906,1
4907,10
4908,3
4909,1
4910,10
4911,10
4912,1
4913,3
4914,3
4915,8
4916,1
4917,3
4918,6
4919,3
4920,8
4921,6
4922,9
4923,9
4924,11
4925,8
4926,4
4927,8
4928,8
4929,8
4930,6
4931,7
4932,4
4933,8
4934,4
4935,2
4936,8
4937,8
4938,8
4939,3
4940,4
4941,3
4942,8
4943,2
4944,1
4945,9
4946,8
4947,9
4948,11
4949,1
4950,2
4951,11
4952,3
4953,8
4954,3
4955,9
4956,3
4957,8
4958,1
4959,2
4960,3
4961,8
4962,3
4963,11
4964,10
4965,8
4966,6
4967,6
4968,10
4969,3
4970,3
4971,3
4972,8
4973,2
4974,11
4975,9
4976,9
4977,4
4978,1
4979,7
4980,6
4981,8
4982,9
4983,8
4984,8
4985,3
4986,8
4987,8
4988,4
4989,11
4990,3
4991,8
4992,1
4993,5
4994,8
4995,8
4996,3
4997,1
4998,11
4999,2
5000,10
5001,4
5002,1
5003,10
5004,8
5005,10
5006,8
5007,11
5008,8
5009,8
5010,1
5011,10
5012,4
5013,3
5014,9
5015,1
5016,7
5017,8
5018,1
5019,3
5020,1
5021,7
5022,8
5023,7
5024,9
5025,6
5026,3
5027,2
5028,1
5029,10
5030,4
5031,10
5032,11
5033,11
5034,6
5035,1
5036,1
5037,2
5038,8
5039,9
5040,8
5041,8
5042,10
5043,8
5044,3
5045,8
5046,8
5047,8
5048,2
5049,10
5050,6
5051,10
5052,10
5053,9
5054,8
5055,7
5056,11
5057,1
5058,7
5059,8
5060,10
5061,7
5062,5
5063,7
5064,6
5065,4
5066,10
5067,8
5068,5
5069,3
5070,11
5071,7
5072,4
5073,8
5074,3
5075,11
5076,2
5077,11
5078,4
5079,7
5080,7
5081,8
5082,8
5083,4
5084,9
5085,6
5086,10
5087,1
5088,6
5089,4
5090,6
5091,11
5092,8
5093,10
5094,11
5095,2
5096,8
5097,8
5098,11
5099,8
5100,11
5101,6
5102,8
5103,5
5104,8
5105,1
5106,10
5107,8
5108,8
5109,6
5110,6
5111,3
5112,10
5113,11
5114,6
5115,10
5116,1
5117,6
5118,11
5119,10
5120,8
5121,8
5122,10
5123,8
5124,11
5125,11
5126,7
5127,8
5128,8
5129,1
5130,8
5131,3
5132,8
5133,9
5134,6
5135,8
5136,8
5137,6
5138,1
5139,9
5140,8
5141,1
5142,2
5143,1
5144,9
5145,8
5146,3
5147,4
5148,1
5149,8
5150,11
5151,8
5152,3
5153,9
5154,6
5155,1
5156,10
5157,8
5158,2
5159,8
5160,3
5161,1
5162,10
5163,4
5164,2
5165,3
5166,9
5167,1
5168,8
5169,6
5170,3
5171,7
5172,6
5173,7
5174,8
5175,9
5176,10
5177,4
5178,8
5179,6
5180,9
5181,8
5182,11
5183,10
5184,10
5185,6
5186,10
5187,3
5188,7
5189,1
5190,7
5191,8
5192,1
5193,1
5194,1
5195,4
5196,1
5197,6
5198,10
5199,1
5200,6
5201,3
5202,6
5203,11
5204,11
5205,11
5206,6
5207,6
5208,9
5209,4
5210,6
5211,9
5212,4
5213,10
5214,3
5215,1
5216,11
5217,11
5218,4
5219,8
5220,1
5221,8
5222,8
5223,9
5224,1
5225,11
5226,6
5227,3
5228,1
5229,11
5230,9
5231,10
5232,10
5233,9
5234,3
5235,8
5236,8
5237,1
5238,8
5239,8
5240,1
5241,4
5242,8
5243,9
5244,6
5245,3
5246,1
5247,3
5248,1
5249,8
5250,8
5251,8
5252,8
5253,1
5254,8
5255,6
5256,10
5257,1
5258,7
5259,3
5260,11
5261,8
5262,3
5263,9
5264,3
5265,6
5266,1
5267,4
5268,1
5269,4
5270,10
5271,2
5272,8
5273,1
5274,8
5275,8
5276,11
5277,4
5278,10
5279,8
5280,6
5281,8
5282,6
5283,3
5284,1
5285,10
5286,8
5287,8
5288,9
5289,6
5290,1
5291,10
5292,8
5293,4
5294,1
5295,8
5296,9
5297,3
5298,11
5299,8
5300,8
5301,8
5302,8
5303,8
5304,1
5305,8
5306,11
5307,3
5308,3
5309,10
5310,1
5311,9
5312,1
5313,6
5314,7
5315,8
5316,1
5317,10
5318,10
5319,8
5320,1
5321,2
5322,2
5323,8
5324,4
5325,8
5326,11
5327,1
5328,4
5329,1
5330,6
5331,5
5332,1
5333,6
5334,10
5335,3
5336,11
5337,4
5338,1
5339,8
5340,8
5341,1
5342,8
5343,10
5344,1
5345,8
5346,8
5347,1
5348,4
5349,8
5350,6
5351,10
5352,10
5353,8
5354,3
5355,1
5356,6
5357,7
5358,8
5359,8
5360,3
5361,1
5362,6
5363,3
5364,6
5365,10
5366,7
5367,4
5368,3
5369,11
5370,1
5371,11
5372,9
5373,4
5374,8
5375,3
5376,1
5377,9
5378,2
5379,1
5380,1
5381,1
5382,2
5383,4
5384,6
5385,3
5386,8
5387,8
5388,8
5389,4
5390,9
5391,10
5392,10
5393,8
5394,10
5395,1
5396,8
5397,8
5398,8
5399,10
5400,8
5401,10
5402,3
5403,6
5404,8
5405,6
5406,8
5407,1
5408,8
5409,1
5410,10
5411,8
5412,4
5413,8
5414,4
5415,4
5416,8
5417,8
5418,11
5419,8
5420,3
5421,1
5422,8
5423,8
5424,10
5425,11
5426,5
5427,9
5428,5
5429,3
5430,1
5431,1
5432,1
5433,7
5434,11
5435,8
5436,2
5437,1
5438,8
5439,7
5440,10
5441,4
5442,8
5443,8
5444,10
5445,8
5446,11
5447,10
5448,8
5449,1
5450,8
5451,9
5452,7
5453,3
5454,8
5455,11
5456,9
5457,4
5458,8
5459,8
5460,8
5461,4
5462,3
5463,1
5464,9
5465,1
5466,3
5467,1
5468,4
5469,10
5470,8
5471,4
5472,8
5473,3
5474,10
5475,7
5476,1
5477,8
5478,9
5479,8
5480,3
5481,3
5482,10
5483,11
5484,2
5485,7
5486,8
5487,9
5488,8
5489,5
5490,6
5491,10
5492,8
5493,4
5494,3
5495,4
5496,8
5497,4
5498,9
5499,8
5500,10
5501,10
5502,5
5503,2
5504,8
5505,8
5506,8
5507,3
5508,11
5509,10
5510,8
5511,2
5512,1
5513,3
5514,7
5515,8
5516,3
5517,1
5518,8
5519,4
5520,8
5521,7
5522,1
5523,8
5524,8
5525,4
5526,3
5527,8
5528,10
5529,1
5530,10
5531,3
5532,8
5533,6
5534,8
5535,1
5536,4
5537,10
5538,9
5539,6
5540,4
5541,11
5542,1
5543,1
5544,3
5545,4
5546,10
5547,1
5548,1
5549,11
5550,3
5551,8
5552,8
5553,8
5554,4
5555,1
5556,1
5557,10
5558,6
5559,10
5560,5
5561,6
5562,8
5563,8
5564,11
5565,3
5566,3
5567,9
5568,7
5569,4
5570,9
5571,6
5572,4
5573,10
5574,1
5575,8
5576,9
5577,2
5578,4
5579,10
5580,8
5581,8
5582,8
5583,1
5584,7
5585,10
5586,6
5587,8
5588,1
5589,9
5590,5
5591,3
5592,1
5593,6
5594,8
5595,8
5596,6
5597,6
5598,3
5599,1
5600,8
5601,3
5602,9
5603,10
5604,4
5605,7
5606,5
5607,10
5608,1
5609,3
5610,11
5611,1
5612,11
5613,3
5614,7
5615,8
5616,4
5617,9
5618,4
5619,8
5620,8
5621,8
5622,8
5623,8
5624,1
5625,1
5626,11
5627,1
5628,11
5629,1
5630,10
5631,8
5632,3
5633,1
5634,9
5635,7
5636,7
5637,8
5638,7
5639,8
5640,5
5641,3
5642,1
5643,9
5644,8
5645,9
5646,5
5647,8
5648,3
5649,8
5650,8
5651,5
5652,6
5653,10
5654,6
5655,3
5656,1
5657,3
5658,8
5659,4
5660,1
5661,6
5662,8
5663,11
5664,4
5665,11
5666,8
5667,1
5668,6
5669,6
5670,2
5671,10
5672,11
5673,4
5674,1
5675,4
5676,8
5677,8
5678,3
5679,10
5680,10
5681,8
